platform,account_id,account_name,account_type,collection_start_date,collection_end_date,notes
facebook,ACC001,Antigua Observer by NewsCo Ltd,,,,
facebook,ACC002,Reuters,,,,
facebook,ACC003,Guyana News Updates,,,,
facebook,ACC004,Cliplet News,,,,
facebook,ACC005,TTT Live Online,,,,
facebook,ACC006,St Vincent Times,,,,
facebook,ACC007,CBC News Barbados,,,,
facebook,ACC008,Searchlight SVG,,,,
facebook,ACC009,SVG TV,,,,
facebook,ACC010,One News SVG,,,,
facebook,ACC011,Choice TV SLU,,,,
facebook,ACC012,St. Lucia Times News,,,,
facebook,ACC013,Belize News Network,,,,
facebook,ACC014,Hot 97.1 SVG,,,,
facebook,ACC015,WIC News,,,,
facebook,ACC016,IEnt Live,,,,
facebook,ACC017,Caribbean Hot7 tv,,,,
facebook,ACC018,BOOM SVG 106.9,,,,
facebook,ACC019,NCN Guyana,,,,
facebook,ACC020,Caribbean Power Jam Radio,,,,
facebook,ACC021,Antigua Observer by NewsCo,,,,
facebook,ACC022,DBS Radio,,,,
facebook,ACC023,Associates Times,,,,
facebook,ACC024,DBS Television,,,,
facebook,ACC025,The Voice St. Lucia News,,,,
facebook,ACC026,CNC3 Television,,,,
facebook,ACC027,CCN TV6,,,,
facebook,ACC028,boomchampionstt,,,,
facebook,ACC029,Trinidad and Tobago Newsday,,,,
facebook,ACC030,Stuart Young,,,,
facebook,ACC031,Best Of Jamaica Television,,,,
facebook,ACC032,Guava Tree Media,,,,
facebook,ACC033,Nationwide90FM,,,,
facebook,ACC034,Our News Bahamas,,,,
facebook,ACC035,CVM Television,,,,
facebook,ACC036,Smile Jamaica - TVJ,,,,
facebook,ACC037,Loop Jamaica,,,,
facebook,ACC038,Jamaica Gleaner,,,,
youtube,ACC039,Choice TV Saint Lucia,,,,
facebook,ACC040,Grenada Breaking News,,,,
youtube,ACC041,Jamaica Gleaner,,,,
