code_level,parent_function,function_code,function_definition
primary,,REFERENTIAL,"Points to or identifies an entity, event, topic, or element of the discourse context."
primary,,CONATIVE,"Addresses the audience or calls on someone to act, respond, or pay attention."
primary,,METALINGUAL,"Comments on the language, framing, or tone of the message itself."
primary,,EMOTIVE,"Expresses the commenter's emotion, attitude, or evaluation."
primary,,PHATIC,"Establishes, maintains, or closes social contact."
primary,,PERFORMATIVE,"Enacts or reinforces a speech act, such as making a claim, commitment, or acknowledgement."
primary,,POETIC,"Contributes aesthetic, playful, ornamental, or wordplay effects."
primary,,SOCIAL/IDENTITY,"Signals or contests identity, affiliation, belonging, exclusion, or political group positioning."
primary,,SOCIAL/PRAGMATIC,"Performs a recognizable conversational or pragmatic function."
primary,,STRUCTURAL,"Organizes the visual structure or layout of the message."
primary,,SEMANTIC ROLE,"Relates structurally to the verbal text by anchoring, complementing, modifying, repeating, or replacing it."
secondary,CONATIVE,appellative,"The emoji directly addresses or calls out the audience, a specific person, or a group."
secondary,CONATIVE,directive,"The emoji instructs, commands, or urges the audience to take a specific action. It accompanies or substitutes for an imperative."
secondary,EMOTIVE,attitude_judgemental,"The emoji expresses a judgemental evaluation—contempt, ridicule, disapproval, or dismissal—towards a person, party, or political event. The stance is evaluative and directed at a target."
secondary,EMOTIVE,attitude_appreciative,"The emoji expresses a positive evaluation—admiration, approval, or appreciation—towards a person, action, or outcome."
secondary,EMOTIVE,emotion_negative,"The emoji expresses a negative emotional state in the commenter—sadness, fear, anger, frustration, or disgust—without necessarily targeting a specific person."
secondary,EMOTIVE,emotion_positive,"The emoji expresses the commenter's positive emotional state, such as joy, excitement, relief, or pride."
secondary,EMOTIVE,emotion_neutral,"The emoji expresses a neutral or ambiguous emotional state, or accompanies a factual statement without clear positive or negative valence."
secondary,METALINGUAL,frame,"The emoji signals how the surrounding text should be interpreted, for example as ironic, hypothetical, or quoted. It provides an interpretive frame for the verbal content."
secondary,METALINGUAL,language,"The emoji comments on or marks a specific language, dialect, or code being used in the message, or signals a code-switch."
secondary,METALINGUAL,message_tone,"The emoji explicitly labels the tone of the textual message, such as humorous, serious, sarcastic, angry, or gentle."
secondary,PERFORMATIVE,constative,"The emoji accompanies or reinforces expressions of the commenter's belief and their intention or desire that the hearer have or form a like belief. Covers assertions, claims, statements of fact, and declarations."
secondary,PERFORMATIVE,commissive,"The emoji accompanies or reinforces expressions of the commenter's intention and belief that their utterance obligates them to do something—a commitment, promise, or pledge."
secondary,PERFORMATIVE,acknowledgement,"The emoji accompanies expressions of the commenter's feeling toward the hearer, or the commenter's intention that their utterance satisfy a social expectation to express certain feelings, and their belief that it does."
secondary,PHATIC,attention_seeking,"The emoji attracts the attention of other users, the original commenter, or a specific person in the thread, without a clear directive or appellative function."
secondary,PHATIC,convo_opener_closer,"The emoji marks the opening or end of a conversational exchange or comment thread, signalling the commenter's entry into the discussion, closure, or farewell."
secondary,PHATIC,presence_signalling,"The emoji signals the commenter's presence and engagement in the conversation without contributing specific content."
secondary,POETIC,aesthetic_pleasure,"The emoji intentionally contributes aesthetic value to the crafted quality of the message."
secondary,POETIC,build_rapport,"The emoji creates general warmth or positive social rapport with the audience without primarily expressing the commenter's own emotion."
secondary,POETIC,patterning_repetition,"Emojis are repeated or sequenced to create visual rhythm, intensity, or emphasis through pattern, or meaning emerges from their combination rather than from any one emoji alone."
secondary,POETIC,wordplay,"The emoji creates a visual or linguistic pun with the verbal text through formal similarities, such as sound, lexical, morphological, or semantic similarity. The motivation is playful linguistic creativity rather than social avoidance."
secondary,REFERENTIAL,indexical,"The emoji points to a specific entity or event in the immediate context of the comment or political situation, equivalent to 'this', 'here', or 'that one'."
secondary,REFERENTIAL,topical,"The emoji introduces, labels, or marks the topic of the comment. It signals what the comment is about and may categorize or frame the subject matter."
secondary,SOCIAL/IDENTITY,exclude,"The emoji signals the exclusion, othering, or rejection of a person or group, marking them as outside the in-group or as an enemy."
secondary,SOCIAL/IDENTITY,identity_diaspora,"The emoji signals the commenter's diaspora identity—their location outside the country being discussed—while claiming connection to or investment in that country's political situation."
secondary,SOCIAL/IDENTITY,identity_national,"The emoji signals national identity, pride, or belonging to a national group, typically through flag emojis or national symbols."
secondary,SOCIAL/IDENTITY,identity_not_specified,"The emoji signals identity affiliation, but the specific group or identity category cannot be determined from the comment context alone."
secondary,SOCIAL/IDENTITY,identity_political,"The emoji signals affiliation with or opposition to a specific political ideology, party, or political figure. This includes party-colour emojis, party-associated symbols, and emojis used as political badges."
secondary,SOCIAL/IDENTITY,mobilise,"The emoji rallies, energises, or mobilises members of a political group, urging collective action or reinforcing group solidarity in an activist sense."
secondary,SOCIAL/IDENTITY,ridicule_mockery,"The emoji ridicules, mocks, or belittles a political figure, party, or position, performing social dominance through humour or contempt."
secondary,SOCIAL/IDENTITY,solidarity_belonging,"The emoji expresses solidarity with or belonging to a political group, cause, or community, emphasizing in-group cohesion and shared identity."
secondary,SOCIAL/PRAGMATIC,action,"The emoji accompanies or depicts a physical action being performed or described in the comment."
secondary,SOCIAL/PRAGMATIC,approval_agreement,"The emoji signals agreement with, endorsement of, or approval of the preceding statement, comment, or position."
secondary,SOCIAL/PRAGMATIC,backchannel_device,"The emoji indicates that the commenter is engaged, listening, or following along without adding new content."
secondary,SOCIAL/PRAGMATIC,clarify_utterance,"The emoji resolves a specific ambiguity in verbal content that has multiple possible interpretations, clarifying meaning, tone, or register."
secondary,SOCIAL/PRAGMATIC,criticism_disagreement,"The emoji signals disagreement with, criticism of, or opposition to the preceding statement, comment, or position."
secondary,SOCIAL/PRAGMATIC,decorative,"The emoji serves only as visual decoration and performs no further identifiable communicative function."
secondary,SOCIAL/PRAGMATIC,euphemism,"The emoji substitutes for a taboo, sensitive, or explicit referent through deliberate indirection motivated by social avoidance. It is distinct from poetic wordplay, which is motivated by formal or linguistic creativity."
secondary,SOCIAL/PRAGMATIC,mention,"The emoji is a graphic illustration of a word or expression in the comment."
secondary,SOCIAL/PRAGMATIC,politeness_marker,"The emoji specifically softens a potentially face-threatening message or adds courtesy to that message."
secondary,SOCIAL/PRAGMATIC,reaction,"The comment or reply responds to a post or another commenter and consists only of one or more emoji."
secondary,SOCIAL/PRAGMATIC,riff,"The emoji humorously elaborates on, plays on, or parodies an idea introduced earlier in the comment thread."
secondary,SOCIAL/PRAGMATIC,sequence,"A series of consecutive emojis conveys a narrative, rather than a single composite message."
secondary,SOCIAL/PRAGMATIC,tone_modification,"The emoji changes the sentiment value, polarity, or intensity of the textual utterance without explicitly labelling its tone."
secondary,SOCIAL/PRAGMATIC,turn_taking,"The emoji helps organize interaction by signalling entry into an exchange, responding to a prior comment, or passing the conversational floor to another commenter."
secondary,SOCIAL/PRAGMATIC,other,"The emoji performs a social or pragmatic function not captured by the coding scheme. Use sparingly and record a private note."
secondary,STRUCTURAL,punctuation,"The emoji occurs in a position or role normally occupied by a punctuation mark."
secondary,STRUCTURAL,section_marker,"The emoji divides a comment into distinct sections, functioning like a heading or bullet-point separator."
secondary,STRUCTURAL,summary_marker,"The emoji signals that a summary or conclusion precedes or follows."
secondary,STRUCTURAL,transition_marker,"The emoji signals a shift from one topic, point, or segment to another within the same comment."
secondary,SEMANTIC ROLE,anchor,"The emoji grounds or anchors the message by providing a concrete referential focal point for the verbal content."
secondary,SEMANTIC ROLE,complementation,"The emoji adds meaning that complements but does not duplicate the verbal content, supplying information not present in the text."
secondary,SEMANTIC ROLE,modifier_intensifier,"The emoji modifies, intensifies, or highlights an adjacent word, phrase, or idea by changing its degree or quality or drawing attention to it."
secondary,SEMANTIC ROLE,redundancy,"The emoji repeats or duplicates meaning already conveyed by the verbal text, adding no new information but reinforcing the message."
secondary,SEMANTIC ROLE,substitute,"The emoji directly replaces a word, phrase, or sentence; the verbal construction would otherwise be incomplete or ungrammatical."
