column_name,file_scope,data_type,format_or_values,definition
platform,both,text,"facebook; youtube","Social-media platform on which the comment appeared."
election_site,both,text,"controlled vocabulary","Caribbean country or territory associated with the election."
event_type,both,text,"controlled vocabulary","Type of electoral event associated with the source."
election_date,both,date,"YYYY-MM-DD","Official date of the relevant election."
source_id,both,text,"platform-specific identifier","Platform-provided identifier of the post or video containing the comment."
author_id,both,text,"researcher-assigned pseudonym","Corpus-specific pseudonym assigned to the comment author; not a platform account identifier."
comment_id,both,text,"for example B001 or B001-01","Researcher-assigned corpus identifier; the suffix identifies a reply to a parent comment."
platform_comment_id,both,text,"platform-specific identifier or blank","Comment identifier provided by the platform; blank when it cannot be obtained."
comment,private_only,text,"free text","Original comment text; excluded from the publicly released corpus."
first_published,private_only,datetime,"exact value recorded during collection","Original precise publication date and time when available."
published,both,date,"YYYY-MM","Publication date at reduced precision for public release."
likes_count,both,integer,"zero or greater","Visible number of likes or reactions when metrics were last observed."
reply_count,both,integer,"zero or greater","Visible number of replies when metrics were last observed."
live_video_timestamp,private_only,text,"HH:MM:SS or blank","Position in a live video associated with the comment when available."
image_url,private_only,text,"URL or blank","URL associated with an image in the comment; excluded from public release."
metrics_last_observed,both,date,"YYYY-MM-DD","Date on which the engagement counts were recorded."
